{
    "copper": {
        "Standard": {
            "Cp_T": [
                0.0,
                390.0
            ],
            "k_T": [
                0.0,
                380.0
            ],
            "rhoE_T": [
                1.724e-08,
                20.0
            ],
            "rho_T": [
                0.0,
                8978.0
            ]
        }
    },
    "oil": {
        "Midel 7131": {
            "Cp_T": [
                2.505,
                1165.58
            ],
            "k_T": [
                -0.00012179,
                0.18324
            ],
            "rho_T": [
                -0.722,
                1179.48
            ],
            "viscosite_T": [
                0.00545,
                369.70388,
                -10.22
            ]
        },
        "Midel eN 1204": {
            "Cp_T": [
                1.69636,
                1350.09227
            ],
            "k_T": [
                -0.00016539,
                0.22563
            ],
            "rho_T": [
                -0.65545,
                1110.25983
            ],
            "viscosite_T": [
                0.00612,
                388.93549,
                -8.7548
            ]
        },
        "Midel eN 1215": {
            "Cp_T": [
                2.56781,
                1216.25252
            ],
            "k_T": [
                -6.7821e-05,
                0.1859
            ],
            "rho_T": [
                -0.6753,
                1120.40817
            ],
            "viscosite_T": [
                0.00656,
                384.08134,
                -8.17644
            ]
        },
        "Nynas Lyra X": {
            "Cp_T": [
                3.57,
                786.4845
            ],
            "k_T": [
                -0.00011488,
                0.15104
            ],
            "rho_T": [
                -0.66,
                1054.279
            ],
            "viscosite_T": [
                0.00424,
                338.08872,
                -7.74025
            ]
        },
        "Nynas Nytro 4000X": {
            "Cp_T": [
                3.6,
                795.68
            ],
            "k_T": [
                -0.00011475,
                0.15167
            ],
            "rho_T": [
                -0.65,
                1054.0475
            ],
            "viscosite_T": [
                0.00424,
                336.897,
                -7.597
            ]
        },
        "Nynas Nytro Bio 300X": {
            "Cp_T": [
                3.269,
                1129.99
            ],
            "k_T": [
                -0.00021234,
                0.2002
            ],
            "rho_T": [
                -0.68,
                982.892
            ],
            "viscosite_T": [
                0.0042,
                291.837,
                -5.688
            ]
        },
        "Nynas Nytro Taurus - Isovoltine II": {
            "Cp_T": [
                3.5,
                774.295
            ],
            "k_T": [
                -0.00010983,
                0.1468
            ],
            "rho_T": [
                -0.66,
                1058.049
            ],
            "viscosite_T": [
                0.00424,
                339.37084,
                -7.958
            ]
        },
        "Shell Diala S4 ZX-I": {
            "Cp_T": [
                3.7721,
                846.88
            ],
            "k_T": [
                -8.2413e-05,
                0.16747
            ],
            "rho_T": [
                -0.64972,
                996.35421
            ],
            "viscosite_T": [
                0.00562,
                324.8316,
                -7.8174
            ]
        }
    },
    "paper": {
        "Thermally upgraded paper": {
            "Cp_T": [
                0.0,
                1254.0
            ],
            "k_T": [
                0.0,
                0.15
            ],
            "rho_T": [
                0.0,
                1050.0
            ]
        }
    },
    "pressboard": {
        "Standard": {
            "Cp_T": [
                6.393,
                -494.47
            ],
            "k_T": [
                0.0011,
                -0.0481
            ],
            "rho_T": [
                0.0,
                1309.0
            ]
        }
    },
    "varnish": {
        "Standard": {
            "Cp_T": [
                0.0,
                1000.0
            ],
            "k_T": [
                0.0,
                0.26
            ],
            "rho_T": [
                0.0,
                1550.0
            ]
        }
    }
}